<?xml version="1.0" encoding="UTF-8"?>
<project-private xmlns="http://www.netbeans.org/ns/project-private/1">
    <editor-bookmarks xmlns="http://www.netbeans.org/ns/editor-bookmarks/2" lastBookmarkId="0"/>
    <open-files xmlns="http://www.netbeans.org/ns/projectui-open-files/2">
        <group>
            <file>file:/C:/Users/syahrul/Music/Penggajian_Karyawan/src/Form/Form_Lembur.java</file>
            <file>file:/C:/Users/syahrul/Music/Penggajian_Karyawan/src/Form/Form_Karyawan.java</file>
            <file>file:/C:/Users/syahrul/Music/Penggajian_Karyawan/src/Form/Data_Search2.java</file>
            <file>file:/C:/Users/syahrul/Music/Penggajian_Karyawan/src/Form/Form_Penggajian.java</file>
            <file>file:/C:/Users/syahrul/Music/Penggajian_Karyawan/src/koneksiDB/koneksi.java</file>
            <file>file:/C:/Users/syahrul/Music/Penggajian_Karyawan/src/Form/Form_Utama.java</file>
            <file>file:/C:/Users/syahrul/Music/Penggajian_Karyawan/src/Form/Data_Search.java</file>
            <file>file:/C:/Users/syahrul/Music/Penggajian_Karyawan/src/Form/Lap_Karyawan.java</file>
            <file>file:/C:/Users/syahrul/Music/Penggajian_Karyawan/src/Form/Lap_Penggajian.java</file>
            <file>file:/C:/Users/syahrul/Music/Penggajian_Karyawan/src/Form/Data_Search_Lmb.java</file>
            <file>file:/C:/Users/syahrul/Music/Penggajian_Karyawan/src/Form/Form_User.java</file>
            <file>file:/C:/Users/syahrul/Music/Penggajian_Karyawan/src/Form/Form_Login.java</file>
        </group>
    </open-files>
</project-private>
